case,variable,mean_abs_phi,std_between_folds
cnn_multimodal,age_approx,0.106132766432687,0.016527525585520467
cnn_multimodal,tbp_lv_symm_2axis,0.05583964495981455,0.009887153986537433
cnn_multimodal,tbp_lv_eccentricity,0.2116421488645139,0.048939772012199866
cnn_multimodal,tbp_lv_areaMM2,0.05531869188448301,0.011637680410226276
cnn_multimodal,sex,0.07526827753679464,0.029411975201455977
cnn_multimodal,anatom_site_general,0.1745875665818768,0.049465397240626915
hybrid_multimodal,age_approx,0.06630186523690645,0.017255330179147123
hybrid_multimodal,tbp_lv_symm_2axis,0.06235149575304798,0.021923613082349525
hybrid_multimodal,tbp_lv_eccentricity,0.14075445099574813,0.03568327542367714
hybrid_multimodal,tbp_lv_areaMM2,0.04520036842222739,0.012059599435420296
hybrid_multimodal,sex,0.10949679900171339,0.016284492412354315
hybrid_multimodal,anatom_site_general,0.12324437849326247,0.022142226792394734
