fold,epoch,train_loss,val_loss,pr_auc,recall,mcc
1,1,0.9329952300338822,0.7304648384712246,0.6012253685116912,0.8071748878923767,0.4705924558391997
1,2,0.7815694383425054,0.7381932229264879,0.5838777533070192,0.8654708520179372,0.46663346086763025
1,3,0.7172443589239316,0.6754936663154001,0.6332158334571197,0.7399103139013453,0.519471240993473
1,4,0.7083388255854219,0.7870436630142491,0.6027199288446181,0.6322869955156951,0.542008354365485
1,5,0.6791639580069128,0.733631460448979,0.6882129419248014,0.6636771300448431,0.6145053559023577
1,6,0.5945020832764882,0.8821044321424415,0.5949817660220336,0.5695067264573991,0.5420279360147401
1,7,0.6084333337653713,0.8139521381145886,0.6450382797774494,0.6995515695067265,0.5515969391149819
1,8,0.5796326276508201,0.910071073148327,0.6784506164220349,0.6233183856502242,0.5829779603346746
1,9,0.5382374241516641,1.036042365889496,0.6342365263056747,0.5515695067264574,0.5386883945735867
1,10,0.5148946633483402,1.0349772599903766,0.6220017458989631,0.6053811659192825,0.5542958120821645
1,11,0.5059564808570499,1.2115341766262673,0.662065400806028,0.484304932735426,0.5367902047526999
1,12,0.47009195421956745,1.2550308669264476,0.6321912042275679,0.5829596412556054,0.5506726671547562
1,13,0.4395354494240453,1.5093163246522772,0.5849647027063475,0.5695067264573991,0.5155741421877362
1,14,0.44762250646033763,1.3040902136387493,0.6772345650398173,0.5829596412556054,0.5594483785224057
1,15,0.40838941294817077,1.012521672536374,0.6470752727940439,0.6143497757847534,0.519994605579783
1,16,0.37589833670617995,1.8786062435463213,0.613338707986638,0.452914798206278,0.5292715801811004
1,17,0.38751125363033234,1.9350834529043914,0.6099576754547311,0.36771300448430494,0.4775612350697271
1,18,0.3905748200365233,1.6055735108917797,0.6640917684870915,0.5695067264573991,0.5733505841106777
1,19,0.34723868741269337,2.122093208391067,0.6060523915257402,0.4125560538116592,0.4920941317337426
1,20,0.2883437574495614,1.7768831880046199,0.6706801707392411,0.547085201793722,0.544383355561783
2,1,0.9279335559277432,0.7449773815025762,0.6041272978380369,0.7432432432432432,0.4594141875310064
2,2,0.7805974014806438,0.6690345925803906,0.6351422786668335,0.8108108108108109,0.48155461808595007
2,3,0.7606580757344894,0.8103799468284837,0.6634445900421678,0.5495495495495496,0.5313550212364704
2,4,0.7476811016046341,0.7590090346802073,0.6719983059035814,0.6171171171171171,0.5744900939621139
2,5,0.6954765785680791,0.76664132516621,0.5593276180682397,0.8963963963963963,0.46551507166796435
2,6,0.6190850207553288,0.8690654157241969,0.7088555901980015,0.5495495495495496,0.5799954543772469
2,7,0.6214416925639613,0.6335886277321631,0.709398907351491,0.6846846846846847,0.5656874280400883
2,8,0.5882973916757958,0.8312206659028962,0.7240746376186918,0.6576576576576577,0.6332925402056927
2,9,0.5686056618571758,0.7231099483888564,0.7085528350655758,0.7702702702702703,0.5636410099219329
2,10,0.552930769641222,0.9005301595664119,0.6946766451143463,0.545045045045045,0.5579099383141103
2,11,0.5249071885281602,0.8239944895959115,0.6986935183565761,0.6261261261261262,0.5678441930216838
2,12,0.4609243716324828,0.8387089113086923,0.7162937839060081,0.6891891891891891,0.602883455247421
2,13,0.4602571016515099,0.7974034254097426,0.7394569770784849,0.7432432432432432,0.5937323055773414
2,14,0.46834981227614436,1.029200017631716,0.6650267088041435,0.6126126126126126,0.5643251336681994
2,15,0.4396290426671178,0.8598349389140748,0.6993907348486784,0.6891891891891891,0.5580186013081385
2,16,0.39186839927294764,1.350746381122115,0.6731495208190399,0.5225225225225225,0.5481694478228932
2,17,0.39390844347339476,1.2564355706906711,0.6650149308527464,0.581081081081081,0.5471218858713451
2,18,0.4100151610910833,1.1253248076705533,0.7197384703769639,0.5720720720720721,0.601684322148928
2,19,0.3619307411813209,1.1633279172446034,0.6847507321948776,0.6216216216216216,0.5727682398942887
2,20,0.32923399700066686,1.745077202811812,0.6247072678984644,0.49099099099099097,0.514484556883994
3,1,0.9469183583409562,0.8808286511415966,0.621930446153217,0.515695067264574,0.5175154567846634
3,2,0.7959566532643033,0.8197214493320635,0.5999743388814863,0.5650224215246636,0.5233419906075889
3,3,0.7518294521245251,0.7108813846224377,0.6822537279821973,0.6860986547085202,0.5589683044658115
3,4,0.7280673304171903,0.5973145619845665,0.7196732755230257,0.8430493273542601,0.5346582633782375
3,5,0.6421305133188836,0.8949290683015966,0.6980686910135971,0.6233183856502242,0.5900010040419709
3,6,0.61546139648213,0.8109536786050839,0.7003861960026604,0.6681614349775785,0.5865252846336161
3,7,0.6131969890257328,0.7677486260652661,0.73394930989311,0.7309417040358744,0.5991877410595551
3,8,0.5588777246575801,0.7119323537757977,0.75236364806132,0.7488789237668162,0.6245946821850354
3,9,0.5292253480722948,0.8153173015287859,0.704190412741297,0.7488789237668162,0.5608299772223435
3,10,0.5102029356006319,0.8266172186767704,0.6953807381692239,0.7668161434977578,0.5606920793151131
3,11,0.46492256349695665,1.3609066963255316,0.7418099151322572,0.484304932735426,0.5997197028308677
3,12,0.48918835459815463,1.1501278526712762,0.6910975074620362,0.5650224215246636,0.57781699604817
3,13,0.4366152853022887,1.5494595862482408,0.6868742422232808,0.4977578475336323,0.5784877777718621
3,14,0.4322454177458778,1.990790856372578,0.6365336282249934,0.34977578475336324,0.4751679941768665
3,15,0.39257018529790016,1.7303897750954955,0.675960877668467,0.48878923766816146,0.5589796365486611
3,16,0.3520357153232893,1.515407738956998,0.7178288077093109,0.5605381165919282,0.5804545293887458
3,17,0.3511421457100409,1.4538605080446003,0.6506124028099791,0.6098654708520179,0.5677191635594718
3,18,0.3351244960269457,1.3932029493022906,0.719906226635673,0.6457399103139013,0.6306678036991024
3,19,0.3339476999545426,1.7510256094898038,0.6804021414820358,0.5605381165919282,0.5723350379333059
3,20,0.31759796773315524,1.934708844496498,0.6533424659198979,0.43946188340807174,0.5227753256264551
4,1,0.9371628489306255,0.7388267588061924,0.574268730783204,0.7477477477477478,0.4894233440840149
4,2,0.7878137188022041,0.6770235107383071,0.6183499502744452,0.7792792792792793,0.5269795035414188
4,3,0.7115887814293013,0.6371485564450413,0.6761921505621707,0.7837837837837838,0.5399333218040503
4,4,0.7025227874472805,0.7664445039336824,0.6105863478921848,0.7162162162162162,0.48257864426501973
4,5,0.648247334044157,0.8234104847705668,0.6950877149643009,0.5945945945945946,0.586422678341507
4,6,0.6085515626358855,0.7961717978811717,0.6102742967894753,0.7477477477477478,0.48044447954645586
4,7,0.6045126946074809,0.7485935013858426,0.6743802821578864,0.7027027027027027,0.567708922001978
4,8,0.5378440398084957,0.800159712582901,0.6833940998625642,0.7432432432432432,0.5415608881089892
4,9,0.5097773333670153,1.0775801559395928,0.67982869920636,0.6351351351351351,0.5649227484393868
4,10,0.520284822897886,1.1569442004858108,0.7451052149868554,0.5540540540540541,0.6298346978331849
4,11,0.4611262915524851,1.2449627842194309,0.733539462365939,0.5405405405405406,0.6246035144351426
4,12,0.4396164887010516,1.302421782922727,0.6922045417557819,0.509009009009009,0.5750479918461207
4,13,0.43990189945432195,1.2392618928441272,0.6971360578419559,0.6126126126126126,0.6077364984234892
4,14,0.4151315540958733,1.5053035753797246,0.7021466584823263,0.5225225225225225,0.5834179467550765
4,15,0.43776112227573716,1.0531132510178354,0.7443958255556641,0.6126126126126126,0.6156745658641368
4,16,0.37942383465549157,1.0834054547258343,0.7133224839426142,0.6531531531531531,0.6012326695381139
4,17,0.35136042954609414,1.3725129097804272,0.6881884462429793,0.6441441441441441,0.5878353507053441
4,18,0.3651003903489424,1.6376546002399963,0.6725346055356018,0.4954954954954955,0.5479155168883337
4,19,0.33870771053166715,1.3115000389423361,0.7017820861729099,0.6306306306306306,0.584589080939446
4,20,0.29063912256329294,1.6364954420166853,0.716303519650915,0.6216216216216216,0.6164193893333912
5,1,0.9341833953314642,0.8104037579392649,0.6092717973143169,0.9192825112107623,0.36320361712771826
5,2,0.7715930358594617,0.7202492722022313,0.5644411312252489,0.7668161434977578,0.47019384907973466
5,3,0.7401672474783298,0.6937574505716696,0.5748535159573303,0.8834080717488789,0.4529632814713966
5,4,0.7111582838322482,0.8058543302345681,0.6170727625855246,0.5829596412556054,0.5323199600801523
5,5,0.6560150612995617,0.8991822262038396,0.6555188165921485,0.6367713004484304,0.587843720732187
5,6,0.6558303539969002,0.6682742961528476,0.6242173312594246,0.8609865470852018,0.4744218110224015
5,7,0.6069048364840622,0.7644331439775315,0.6132073991347659,0.7623318385650224,0.5821231950097232
5,8,0.6036486823336815,0.7525045169527627,0.6812997724841322,0.6591928251121076,0.5753338718705604
5,9,0.5471251821233758,1.0312532374283827,0.6270914492580139,0.600896860986547,0.5428077288998884
5,10,0.5096551204287166,0.92061895721267,0.6632300325747045,0.6547085201793722,0.5485410610698876
5,11,0.5134382335784372,0.7716443330380569,0.62401464788761,0.7399103139013453,0.5569100908059049
5,12,0.4618997813494903,0.9582204573559452,0.6830172047099726,0.672645739910314,0.6124723225240272
5,13,0.48229653609212614,1.1115657568788802,0.6844773541412016,0.6053811659192825,0.6166849854379178
5,14,0.43970968587304493,1.0129706419770026,0.5996218920691171,0.6412556053811659,0.53444209475424
5,15,0.3843081915119679,1.1312059322376729,0.6227908068751964,0.7309417040358744,0.5803285239916035
5,16,0.37911844882915097,1.7311716737654348,0.6481365154360322,0.5067264573991032,0.5484606457098049
5,17,0.3919342055524357,1.166088721366656,0.5798077647376999,0.6636771300448431,0.5481492289323563
5,18,0.37562935169520256,1.0059922358976177,0.6597202544224353,0.6995515695067265,0.6219376533129249
5,19,0.36217156828939545,1.5475802303134234,0.6983600810564665,0.5919282511210763,0.6128094934634818
5,20,0.348548421826394,1.9011398904691965,0.692632494081859,0.49327354260089684,0.5774013310381189
