fold,epoch,train_loss,val_loss,pr_auc,recall
1,1,0.0908,0.068,0.1776,0.481
1,2,0.0573,0.0443,0.3777,0.6835
1,3,0.045,0.0231,0.3984,0.519
1,4,0.0375,0.0238,0.4524,0.5316
1,5,0.032,0.0197,0.4609,0.5443
1,6,0.0264,0.0135,0.4893,0.4557
1,7,0.0221,0.0166,0.4915,0.5823
1,8,0.0196,0.0151,0.4322,0.481
1,9,0.0164,0.015,0.375,0.4177
1,10,0.0147,0.0166,0.4684,0.481
1,11,0.0136,0.0191,0.3829,0.481
1,12,0.0124,0.0143,0.4674,0.4304
1,13,0.0087,0.0163,0.4832,0.4557
2,1,0.0892,0.0588,0.2296,0.5063
2,2,0.0565,0.0255,0.4074,0.4684
2,3,0.0431,0.0206,0.4102,0.5063
2,4,0.0364,0.026,0.4335,0.5949
2,5,0.0328,0.0207,0.496,0.5696
2,6,0.0272,0.016,0.4384,0.5063
2,7,0.0232,0.0155,0.5016,0.5443
2,8,0.0196,0.0199,0.478,0.557
2,9,0.017,0.0129,0.4899,0.4304
2,10,0.0165,0.0131,0.4997,0.4051
2,11,0.015,0.019,0.4796,0.5696
2,12,0.012,0.0144,0.4773,0.4177
2,13,0.0103,0.0136,0.5184,0.3671
2,14,0.0098,0.0131,0.543,0.3924
2,15,0.0084,0.0128,0.5535,0.4304
2,16,0.0078,0.0146,0.5266,0.4177
2,17,0.0067,0.0144,0.532,0.4304
2,18,0.0052,0.0151,0.5175,0.3671
2,19,0.0051,0.0154,0.5386,0.3038
2,20,0.0066,0.0129,0.5674,0.3924
2,21,0.0038,0.0149,0.5441,0.3671
2,22,0.0042,0.0146,0.5548,0.3418
3,1,0.094,0.1158,0.1976,0.6582
3,2,0.0573,0.0473,0.3534,0.5443
3,3,0.0468,0.0312,0.3662,0.519
3,4,0.0396,0.0224,0.4169,0.5316
3,5,0.0322,0.019,0.4251,0.481
3,6,0.0276,0.0171,0.3691,0.4304
3,7,0.0245,0.0174,0.3754,0.4304
3,8,0.0226,0.0162,0.4035,0.4304
3,9,0.0178,0.0154,0.379,0.3418
3,10,0.0155,0.0151,0.3563,0.3038
3,11,0.0124,0.0159,0.3326,0.3038
3,12,0.0112,0.0148,0.4323,0.3671
3,13,0.0114,0.0154,0.2938,0.2152
3,14,0.0095,0.0158,0.3918,0.2911
3,15,0.0078,0.0175,0.3442,0.3165
3,16,0.007,0.0165,0.3794,0.2658
3,17,0.0063,0.0181,0.3945,0.1646
3,18,0.0064,0.0165,0.4151,0.3038
3,19,0.0067,0.0189,0.3705,0.3291
4,1,0.1133,0.1054,0.1317,0.5897
4,2,0.0629,0.0365,0.2523,0.3974
4,3,0.05,0.0246,0.288,0.3846
4,4,0.0407,0.0346,0.3299,0.5769
4,5,0.0347,0.0256,0.3697,0.5385
4,6,0.0312,0.0242,0.3879,0.5769
4,7,0.0255,0.0241,0.3744,0.5
4,8,0.0226,0.0148,0.3926,0.3333
4,9,0.0212,0.0181,0.3638,0.359
4,10,0.0177,0.0187,0.3272,0.3718
4,11,0.0162,0.0169,0.4101,0.4359
4,12,0.0124,0.0168,0.3993,0.3205
4,13,0.0119,0.0176,0.4167,0.3974
4,14,0.011,0.0165,0.4164,0.3333
4,15,0.0089,0.0174,0.4261,0.3205
5,1,0.082,0.0464,0.1803,0.2821
5,2,0.0565,0.0271,0.3372,0.4103
5,3,0.0441,0.0178,0.3816,0.3846
5,4,0.0394,0.0199,0.3678,0.4487
5,5,0.0314,0.0184,0.4593,0.5641
5,6,0.028,0.0221,0.4093,0.6026
5,7,0.0245,0.0165,0.4444,0.5385
5,8,0.0219,0.0137,0.4847,0.4487
5,9,0.017,0.017,0.4655,0.4872
5,10,0.0139,0.0187,0.4754,0.5769
5,11,0.0127,0.0238,0.4306,0.5641
5,12,0.0117,0.022,0.4486,0.5513
5,13,0.0115,0.0183,0.4475,0.4615
5,14,0.0089,0.0179,0.4101,0.4103
5,15,0.0082,0.0188,0.4651,0.4103
